{
  "properties": {
    "connectionReferences": {
      "shared_commondataserviceforapps": {
        "runtimeSource": "embedded",
        "connection": {
          "connectionReferenceLogicalName": "new_sharedcommondataserviceforapps_d04e4"
        },
        "api": {
          "name": "shared_commondataserviceforapps"
        }
      }
    },
    "definition": {
      "$schema": "https://schema.management.azure.com/providers/Microsoft.Logic/schemas/2016-06-01/workflowdefinition.json#",
      "contentVersion": "1.0.0.0",
      "parameters": {
        "$connections": {
          "defaultValue": {},
          "type": "Object"
        },
        "$authentication": {
          "defaultValue": {},
          "type": "SecureObject"
        }
      },
      "triggers": {
        "行が追加、変更、または削除された場合": {
          "metadata": {
            "operationMetadataId": "63cd85ba-4022-46c6-8b89-d809254a9c8c"
          },
          "type": "OpenApiConnectionWebhook",
          "inputs": {
            "host": {
              "connectionName": "shared_commondataserviceforapps",
              "operationId": "SubscribeWebhookTrigger",
              "apiId": "/providers/Microsoft.PowerApps/apis/shared_commondataserviceforapps"
            },
            "parameters": {
              "subscriptionRequest/message": 4,
              "subscriptionRequest/entityname": "ya_media",
              "subscriptionRequest/scope": 4
            },
            "authentication": "@parameters('$authentication')"
          }
        }
      },
      "actions": {
        "ファイルまたは画像をダウンロードする": {
          "runAfter": {},
          "metadata": {
            "operationMetadataId": "c0e5028a-8095-4c1f-964e-748fe42db8bc"
          },
          "type": "OpenApiConnection",
          "inputs": {
            "host": {
              "connectionName": "shared_commondataserviceforapps",
              "operationId": "GetEntityFileImageFieldContent",
              "apiId": "/providers/Microsoft.PowerApps/apis/shared_commondataserviceforapps"
            },
            "parameters": {
              "entityName": "ya_medias",
              "recordId": "@triggerOutputs()?['body/ya_mediaid']",
              "fileImageFieldName": "ya_file"
            },
            "authentication": "@parameters('$authentication')"
          }
        },
        "条件": {
          "actions": {},
          "runAfter": {
            "ファイルまたは画像をダウンロードする": [
              "Succeeded"
            ]
          },
          "else": {
            "actions": {
              "行を更新する": {
                "runAfter": {},
                "metadata": {
                  "operationMetadataId": "1a3fb2a5-5550-4d1a-949c-fdeec5591bb6"
                },
                "type": "OpenApiConnection",
                "inputs": {
                  "host": {
                    "connectionName": "shared_commondataserviceforapps",
                    "operationId": "UpdateRecord",
                    "apiId": "/providers/Microsoft.PowerApps/apis/shared_commondataserviceforapps"
                  },
                  "parameters": {
                    "entityName": "ya_medias",
                    "recordId": "@triggerOutputs()?['body/ya_mediaid']"
                  },
                  "authentication": "@parameters('$authentication')"
                }
              }
            }
          },
          "expression": {
            "equals": [
              1,
              1
            ]
          },
          "metadata": {
            "operationMetadataId": "f8be7cd8-6ef9-4e2c-85e2-b451723c6332"
          },
          "type": "If"
        }
      },
      "outputs": {}
    }
  },
  "schemaVersion": "1.0.0.0"
}