{
  "properties": {
    "connectionReferences": {
      "shared_commondataserviceforapps": {
        "runtimeSource": "embedded",
        "connection": {
          "connectionReferenceLogicalName": "new_sharedcommondataserviceforapps_d04e4"
        },
        "api": {
          "name": "shared_commondataserviceforapps"
        }
      }
    },
    "definition": {
      "$schema": "https://schema.management.azure.com/providers/Microsoft.Logic/schemas/2016-06-01/workflowdefinition.json#",
      "contentVersion": "1.0.0.0",
      "parameters": {
        "$connections": {
          "defaultValue": {},
          "type": "Object"
        },
        "$authentication": {
          "defaultValue": {},
          "type": "SecureObject"
        }
      },
      "triggers": {
        "行が追加、変更、または削除された場合": {
          "metadata": {
            "operationMetadataId": "63cd85ba-4022-46c6-8b89-d809254a9c8c"
          },
          "type": "OpenApiConnectionWebhook",
          "inputs": {
            "host": {
              "connectionName": "shared_commondataserviceforapps",
              "operationId": "SubscribeWebhookTrigger",
              "apiId": "/providers/Microsoft.PowerApps/apis/shared_commondataserviceforapps"
            },
            "parameters": {
              "subscriptionRequest/message": 1,
              "subscriptionRequest/entityname": "ya_media",
              "subscriptionRequest/scope": 4
            },
            "authentication": "@parameters('$authentication')"
          }
        }
      },
      "actions": {
        "条件_2": {
          "actions": {
            "ファイルまたは画像をダウンロードする": {
              "runAfter": {},
              "metadata": {
                "operationMetadataId": "c0e5028a-8095-4c1f-964e-748fe42db8bc"
              },
              "type": "OpenApiConnection",
              "inputs": {
                "host": {
                  "connectionName": "shared_commondataserviceforapps",
                  "operationId": "GetEntityFileImageFieldContent",
                  "apiId": "/providers/Microsoft.PowerApps/apis/shared_commondataserviceforapps"
                },
                "parameters": {
                  "entityName": "ya_medias",
                  "recordId": "@triggerOutputs()?['body/ya_mediaid']",
                  "fileImageFieldName": "ya_file"
                },
                "authentication": "@parameters('$authentication')"
              }
            },
            "条件": {
              "actions": {
                "HTTP": {
                  "runAfter": {},
                  "metadata": {
                    "operationMetadataId": "3a6d77ad-838d-4262-8240-77b1117e5fce"
                  },
                  "type": "Http",
                  "inputs": {
                    "method": "POST",
                    "uri": "https://get-id3-info.glitch.me/",
                    "body": {
                      "$content-type": "multipart/form-data",
                      "$multipart": [
                        {
                          "body": "@body('ファイルまたは画像をダウンロードする')",
                          "headers": {
                            "Content-Disposition": "form-data; name=\"@{guid()}\""
                          }
                        }
                      ]
                    }
                  }
                },
                "JSON_の解析": {
                  "runAfter": {
                    "HTTP": [
                      "Succeeded"
                    ]
                  },
                  "metadata": {
                    "operationMetadataId": "63beb420-88f4-4000-9e04-9ad7bfbcd72e"
                  },
                  "type": "ParseJson",
                  "inputs": {
                    "content": "@body('HTTP')",
                    "schema": {
                      "type": "object",
                      "properties": {
                        "metadata": {
                          "type": "object",
                          "properties": {
                            "format": {
                              "type": "object",
                              "properties": {
                                "tagTypes": {
                                  "type": "array",
                                  "items": {
                                    "type": "string"
                                  }
                                },
                                "trackInfo": {
                                  "type": "array"
                                },
                                "lossless": {
                                  "type": "boolean"
                                },
                                "container": {
                                  "type": "string"
                                },
                                "codec": {
                                  "type": "string"
                                },
                                "sampleRate": {
                                  "type": "integer"
                                },
                                "numberOfChannels": {
                                  "type": "integer"
                                },
                                "bitrate": {
                                  "type": "integer"
                                },
                                "codecProfile": {
                                  "type": "string"
                                }
                              }
                            },
                            "common": {
                              "type": "object",
                              "properties": {
                                "track": {
                                  "type": "object",
                                  "properties": {
                                    "no": {
                                      "type": "integer"
                                    },
                                    "of": {
                                      "type": "integer"
                                    }
                                  }
                                },
                                "disk": {
                                  "type": "object",
                                  "properties": {
                                    "no": {
                                      "type": "integer"
                                    },
                                    "of": {
                                      "type": "integer"
                                    }
                                  }
                                },
                                "movementIndex": {
                                  "type": "object",
                                  "properties": {}
                                },
                                "artists": {
                                  "type": "array",
                                  "items": {
                                    "type": "string"
                                  }
                                },
                                "artist": {
                                  "type": "string"
                                },
                                "albumartist": {
                                  "type": "string"
                                },
                                "title": {
                                  "type": "string"
                                },
                                "album": {
                                  "type": "string"
                                },
                                "year": {
                                  "type": "integer"
                                },
                                "date": {
                                  "type": "string"
                                },
                                "composer": {
                                  "type": "array",
                                  "items": {
                                    "type": "string"
                                  }
                                },
                                "genre": {
                                  "type": "array",
                                  "items": {
                                    "type": "string"
                                  }
                                },
                                "averageLevel": {
                                  "type": "integer"
                                }
                              }
                            }
                          }
                        }
                      }
                    }
                  }
                },
                "行を更新する": {
                  "runAfter": {
                    "Apply_to_each": [
                      "Succeeded"
                    ]
                  },
                  "metadata": {
                    "operationMetadataId": "1a3fb2a5-5550-4d1a-949c-fdeec5591bb6"
                  },
                  "type": "OpenApiConnection",
                  "inputs": {
                    "host": {
                      "connectionName": "shared_commondataserviceforapps",
                      "operationId": "UpdateRecord",
                      "apiId": "/providers/Microsoft.PowerApps/apis/shared_commondataserviceforapps"
                    },
                    "parameters": {
                      "entityName": "ya_medias",
                      "recordId": "@triggerOutputs()?['body/ya_mediaid']",
                      "item/ya_album": "@body('JSON_の解析')?['metadata']?['common']?['album']",
                      "item/ya_artist": "@body('JSON_の解析')?['metadata']?['common']?['artist']",
                      "item/ya_disc": "@body('JSON_の解析')?['metadata']?['common']?['disk']?['no']",
                      "item/ya_genre": "@variables('Genre')",
                      "item/ya_name": "@body('JSON_の解析')?['metadata']?['common']?['title']",
                      "item/ya_track": "@body('JSON_の解析')?['metadata']?['common']?['track']?['no']"
                    },
                    "authentication": "@parameters('$authentication')"
                  }
                },
                "Apply_to_each": {
                  "foreach": "@body('JSON_の解析')?['metadata']?['common']?['genre']",
                  "actions": {
                    "変数の設定": {
                      "runAfter": {},
                      "metadata": {
                        "operationMetadataId": "63bcaace-0ecf-483a-963f-e7ee607d366f"
                      },
                      "type": "SetVariable",
                      "inputs": {
                        "name": "Genre",
                        "value": "@{items('Apply_to_each')}"
                      }
                    }
                  },
                  "runAfter": {
                    "JSON_の解析": [
                      "Succeeded"
                    ]
                  },
                  "metadata": {
                    "operationMetadataId": "56200131-27a4-42ab-b434-4eb49c72dbdb"
                  },
                  "type": "Foreach"
                }
              },
              "runAfter": {
                "ファイルまたは画像をダウンロードする": [
                  "Succeeded"
                ]
              },
              "expression": {
                "equals": [
                  1,
                  1
                ]
              },
              "metadata": {
                "operationMetadataId": "f8be7cd8-6ef9-4e2c-85e2-b451723c6332"
              },
              "type": "If"
            }
          },
          "runAfter": {
            "Do_until": [
              "Succeeded"
            ]
          },
          "expression": {
            "not": {
              "equals": [
                "@triggerOutputs()?['body/ya_file']",
                "@''"
              ]
            }
          },
          "metadata": {
            "operationMetadataId": "26fed16c-4290-4e81-8656-f7f316651385"
          },
          "type": "If"
        },
        "変数を初期化する": {
          "runAfter": {},
          "metadata": {
            "operationMetadataId": "1e2debba-43bf-4d60-847e-4995f251e80c"
          },
          "type": "InitializeVariable",
          "inputs": {
            "variables": [
              {
                "name": "Genre",
                "type": "string"
              }
            ]
          }
        },
        "Do_until": {
          "actions": {
            "待ち時間": {
              "runAfter": {},
              "metadata": {
                "operationMetadataId": "ad414d28-5b8b-4bd5-b242-39e98d55ca6d"
              },
              "type": "Wait",
              "inputs": {
                "interval": {
                  "count": 10,
                  "unit": "Second"
                }
              }
            }
          },
          "runAfter": {
            "変数を初期化する": [
              "Succeeded"
            ]
          },
          "expression": "@not(equals(triggerOutputs()?['body/ya_file'], ''))",
          "limit": {
            "count": 60,
            "timeout": "PT1H"
          },
          "metadata": {
            "operationMetadataId": "ec3ede3c-576c-4f1d-b5e0-236df24725dd"
          },
          "type": "Until"
        }
      },
      "outputs": {}
    }
  },
  "schemaVersion": "1.0.0.0"
}